Year,Inhabitants and jobs (FTE) per hectare
2012,66.2045352210632
2017,69.1571468997639
2022,70.649020351334
