Year,In percent
1979/85,34.4803712915716
1992/97,36.1799717739461
2004/09,37.7771774291016
2013/18,38.3267278944399
