Year,In percent
2000,2.26385866139646
2004,2.60798038188053
2008,2.65315999243456
2012,2.87439945466181
2015,3.07641213924105
2017,3.0769761518928
2019,3.19679840335716
2021,3.35918156336938
