Year,In percent,95% Confidence interval (+/-)
2016,21.477873,1.5307047481
2018,24.272707,1.5652162988
2020,28.238662,1.59182872
2022,26.590027,1.6784037858
