Year,In percent,95% Confidence interval (+/-)
2007,77.5112,4.54257100000001
2012,66.7908,5.28833299999999
2017,69.6915,4.5297995
2022,72.4463,4.86289
