Year,In percent
1979/85,3.59548188926759
1992/97,4.16006409189864
2004/09,4.64770404771436
2013/18,5.03246371883651
