Year,In percent
2000,79.6
2003,83.4
2006,83.6
2009,83.1
2012,85.9
2015,80.02
2018,76.3659414547559
2022,75.3801094583318
